<?xml version="1.0" encoding="utf-8" standalone="yes" ?>
<rss version="2.0" xmlns:atom="http://www.w3.org/2005/Atom">
  <channel>
    <title>Start</title>
    <link>http://www.agh.edu.pl/</link>
    <description>Recent content on Start</description>
    <generator>Hugo -- gohugo.io</generator>
    <language>pl-pl</language>
    <lastBuildDate>Tue, 21 Nov 2017 20:15:55 +0100</lastBuildDate>
    
	<atom:link href="http://www.agh.edu.pl/index.xml" rel="self" type="application/rss+xml" />
    
    
    <item>
      <title>Palindrom</title>
      <link>http://www.agh.edu.pl/excercises/palindrom/</link>
      <pubDate>Tue, 21 Nov 2017 20:20:27 +0100</pubDate>
      
      <guid>http://www.agh.edu.pl/excercises/palindrom/</guid>
      <description>Palindorm Palindrom jest napisem, który czytany zarówno od lewej strony do prawej, jak i odwrotnie, zanczy to samo. Oto kilka przykładów palindromów: &amp;ldquo;radar&amp;rdquo; i (jeśli zignorujemy odstępy i znaki interpunkcyjne) &amp;ldquo;Popija rum as, samuraj i pop&amp;rdquo;,
&amp;quot;Iwono, ty rabuj okop spokoju barytonowi I zduna zaraz cna japa janczara zanudzi I lali masoni wydrom w mordy wino, sami lali&amp;quot;  &amp;quot;I car komedia i demokraci&amp;quot;  Utwórz nową klasę Palindrom z metodą statyczną check, która zwraca true jeśli podany napis jest palindromem, a false w przeciwnym wypadku.</description>
    </item>
    
    <item>
      <title>Wyjątki</title>
      <link>http://www.agh.edu.pl/exception/exception/</link>
      <pubDate>Tue, 21 Nov 2017 20:20:27 +0100</pubDate>
      
      <guid>http://www.agh.edu.pl/exception/exception/</guid>
      <description>Wyjątki (ang. exceptions) są dedykowaną konstrukcją języka Java (i nie tylko) stworzoną dla potrzeb obsługi błędów. Wyjątki umożliwiają przerwanie wykonania domyślnej sekwencji programu i zgłoszenie sytuacji wyjątkowej, która jest obsługiwana w innym miejscu programu, odpowiedzialnym za obsługę błędów.
Przygotowanie do ćwiczenia  Utwórz nowy projekt o nazwie zad1-exceptions W domyślnym pakiecie utwórz klasę Rectangle, która będzie reprezentowała obiekt prostokąta. Zdefiniuje w klasie dwa pola typu zmiennoprzecinkowego oznaczające wysokość i szerokość prostokąta:  public final class Rectangle { private final double height; private final double width; }  1.</description>
    </item>
    
    <item>
      <title>Kółko i krzyżyk</title>
      <link>http://www.agh.edu.pl/excercises/kolko-krzyzyk/</link>
      <pubDate>Tue, 21 Nov 2017 20:20:27 +0100</pubDate>
      
      <guid>http://www.agh.edu.pl/excercises/kolko-krzyzyk/</guid>
      <description>Kółko i krzyżyk &amp;hellip; czyli dekompozycja problemu na podproblemy &amp;ldquo;Kółko i krzyżyk – gra strategiczna rozgrywana przez dwóch graczy, najczęściej na kartce papieru w kratkę. Gracze obejmują pola na przemian dążąc do objęcia trzech pól w jednej linii, przy jednoczesnym uniemożliwieniu tego samego przeciwnikowi. Pole może być objęte przez jednego gracza i nie zmienia swego właściciela przez cały przebieg gry. W najbardziej popularnej w Polsce wersji gra odbywa się na polu o wymiarach 3x3.</description>
    </item>
    
    <item>
      <title>Faktury</title>
      <link>http://www.agh.edu.pl/excercises/invoice/</link>
      <pubDate>Tue, 21 Nov 2017 20:20:27 +0100</pubDate>
      
      <guid>http://www.agh.edu.pl/excercises/invoice/</guid>
      <description>Przygotowanie do ćwiczenia Pobierz przykładowy projekt Otwórz Eclipse IDE i zaimportuj projekt zad2/zad2-invoice Materiały pomocnicze: Obsługa wyjątku
 W oknie Package Explorer znajdź klasę ProductTest. Kliknij na nią prawym klawiszem myszy i z menu kontekstowego wybierz opcję Run as -&amp;gt; JUnit Test. Polecenie to uruchamia zestaw testów jednostkowych. Każda metoda w klasie ProductTest (i InvoiceTest), to niezależny test sprawdzający określone przypadki działania danej części aplikacji (w tym przypadku klas Product i Invoice).</description>
    </item>
    
    <item>
      <title>Wykorzystanie bibliotek</title>
      <link>http://www.agh.edu.pl/structure/libraries/</link>
      <pubDate>Tue, 21 Nov 2017 20:20:27 +0100</pubDate>
      
      <guid>http://www.agh.edu.pl/structure/libraries/</guid>
      <description>Celem ćwiczenia jest wykorzystanie zewnętrznej biblioteki Apache POI do odczytu plików MS Excel (XLSX).
Przebieg ćwiczenia Przygotowanie  Utwórz projekt excel-reader (podobnie jak w konspekcie Wprowadzenie do Eclipse IDE). Pobierz bibliotekę Apache POI ze strony: https://poi.apache.org/download.html (Binary distribution), plik o nazwie poi-bin-3.17-20170915.zip Rozpakuj zawartość archiwum.  Dodanie biblioteki do projektu  W katalogu domowym projektu excel-reader utwórz katalog lib. Skopiuj bibliotekę Apache POI do katalogu lib. Należy skopiować następujące pliki:</description>
    </item>
    
    <item>
      <title>Ćwiczenie - plansze sudoku</title>
      <link>http://www.agh.edu.pl/structure/ex-sudoku/</link>
      <pubDate>Tue, 21 Nov 2017 20:20:27 +0100</pubDate>
      
      <guid>http://www.agh.edu.pl/structure/ex-sudoku/</guid>
      <description>Wprowadzenie W niniejszym zadaniu będziemy zajmować się analizą planszy Sudoku. Zasady gry można przeczytać np. na stronie http://www.sudoku.name/rules/pl. Jednak do wykonania ćwiczeń potrzebna będzie definicja poprawnej planszy Sudoku.
Do ćwiczenia przygotowane zostały plansze Sudoku (wypełnione częściowo lub w całości) zapisane w arkuszach pliku MS Excel (odnośnik do przykładowych plików poniżej). Każdy arkusz zawiera dokładnie jedną planszę w polach A1:I9 jak pokazano na rysunku: Celem poniższych ćwiczeń będzie odczyt poszczególnych plansz i sprawdzenie ich poprawności!</description>
    </item>
    
  </channel>
</rss>