[
{
	"uri": "http://www.agh.edu.pl/excercises/palindrom/",
	"title": "Palindrom",
	"tags": [],
	"description": "",
	"content": " Palindorm Palindrom jest napisem, który czytany zarówno od lewej strony do prawej, jak i odwrotnie, zanczy to samo. Oto kilka przykładów palindromów: \u0026ldquo;radar\u0026rdquo; i (jeśli zignorujemy odstępy i znaki interpunkcyjne) \u0026ldquo;Popija rum as, samuraj i pop\u0026rdquo;,\n\u0026quot;Iwono, ty rabuj okop spokoju barytonowi I zduna zaraz cna japa janczara zanudzi I lali masoni wydrom w mordy wino, sami lali\u0026quot;  \u0026quot;I car komedia i demokraci\u0026quot;  Utwórz nową klasę Palindrom z metodą statyczną check, która zwraca true jeśli podany napis jest palindromem, a false w przeciwnym wypadku.\nZacznij od napisania funkcji sprawdzającej palindromy bez pomijania odstępów i znaków interpunkcyjnych. W drugiej kolejności dodaj obsługę wszystkich znaków.\nPrzetestuj działanie metody wywołując w metodzie main różne przypadki działania.\nMateriały pomocnicze  https://docs.oracle.com/javase/8/docs/api/java/lang/String.html Przykładowe metody klasy String, która mogą zostać wykorzystane do realizacji ćwiczenia:  char charAt(int index) // Returns the char value at the specified index. // int\tlength() //Returns the length of this string. // String\treplaceAll(String regex, String replacement) // Replaces each substring of this string that matches the given regular expression with the given replacement.  Przykłady palindromów pochodzą ze strony http://www.palindromy.pl i http://www.palindromy.pl/plikipdf/satyrykon.pdf\n"
},
{
	"uri": "http://www.agh.edu.pl/exception/exception/",
	"title": "Wyjątki",
	"tags": [],
	"description": "",
	"content": " Wyjątki (ang. exceptions) są dedykowaną konstrukcją języka Java (i nie tylko) stworzoną dla potrzeb obsługi błędów. Wyjątki umożliwiają przerwanie wykonania domyślnej sekwencji programu i zgłoszenie sytuacji wyjątkowej, która jest obsługiwana w innym miejscu programu, odpowiedzialnym za obsługę błędów.\nPrzygotowanie do ćwiczenia  Utwórz nowy projekt o nazwie zad1-exceptions W domyślnym pakiecie utwórz klasę Rectangle, która będzie reprezentowała obiekt prostokąta. Zdefiniuje w klasie dwa pola typu zmiennoprzecinkowego oznaczające wysokość i szerokość prostokąta:  public final class Rectangle { private final double height; private final double width; }  1.. Dodaj konstruktor klasy Rectangle odpowiedzialny za tworzenie nowego prostokąta:\npublic Rectangle(double height, double width) { // TODO }   Zaimplementuj ciało konstruktora tak, aby zainicjalizować pola. Dodaj do klasy metody typu get dla każdego z pól klasy. Przetestuj klasę Rectangle: utwórz nową klasę App, której odczytasz wartości wysokości i szerokości prostokąta z konsoli, a następnie utworzysz odpowiedni obiekt typu Rectangle.\npublic class Main { public static void main(String[] args) throws IOException { BufferedReader br = new BufferedReader(new InputStreamReader(System.in)); String str; do { // read values from a console System.out.println(\u0026quot;Enter height\u0026quot;); str = br.readLine(); double height = Double.parseDouble(str); System.out.println(\u0026quot;Enter width\u0026quot;); str = br.readLine(); double width = Double.parseDouble(str); // initialize rectangle Rectangle rectangle = new Rectangle(height, width); // validate if the object is properly initialized System.out.println(height == rectangle.getHeight()); System.out.println(width == rectangle.getWidth()); System.out.println(\u0026quot;Type any string to continue or exit to quit the program\u0026quot;); str = br.readLine(); } while (!str.equals(\u0026quot;exit\u0026quot;)); System.out.println(\u0026quot;Bye, bye!\u0026quot;); } }   Rzucanie wyjątku - obsługa nieprawidłowych sytuacji Jakie są poprawne wartości wysokości i szerokości prostokąta?\n\r Zmodyfikuj kod konstruktora klasy Rectangle tak, aby sprawdzał czy podane wartości wysokości i szerokości są poprawne. Co zrobić kiedy w konstruktorze otrzymamy niepoprawne wartości?\n\r Utwórz kod, który w przypadku podania błędnych wartości wysokości lub szerokości prostokąta \u0026ldquo;rzuci\u0026rdquo; wyjątek typu IllegalArgumentException z odpowiednim komunikatam o błędzie. Materiały pomocnicze: Rzucenie wyjątku niezadeklarowanego\n\r  Obsługa wyjątków - instrukcja try-catch  Przejdź do klasy App. Rozszerz metodę main o kod, który tworzy nowy obiekt prostokąta z niepoprawnymi wartościami wysokości lub szerokości. Uruchom klasę App i przeanalizuj wynik. Zmodyfikuj klasę App w taki sposób, aby obsłużyć zaistniałą sytuację wyjątkową, wypisując \u0026ldquo;ładny\u0026rdquo; komunikat o błędzie. Materiały pomocnicze: Obsługa wyjątku\n\r  Zadanie zaawansowane:\n Uruchom aplikację i podaj w konsoli nieprawidłową liczbę (np. adf). Co się stało? Spróbuj naprawić program tak, aby w przypadku kiedy użytkownik wpisze niepoprawną liczbę program wypisał odpowiedni komunikat i dalej kontynuował działanie.  Wyjątki checked i unchecked Wyjątki checked muszą zostać obsłużone w kodzie programu. W takim przypadku metoda rzucająca wyjątek checked musi zadeklarować ten fakt przy użyciu instrukcji throws, np.\npublic void methodThatThrowsCheckedException() throws Exception { // do something }  Wywołanie takiej metody musi znajdować się w klauzli try-catch:\npublic void methodThatCallsAnotherMethod() { try { methodThatThrowsCheckedException() } catch (Exception e) { // do something clever } }  lub metoda wywołująca musi również zadeklarować fakt rzucania wyjątku.\nZ kolei wyjątki unchecked nie muszą być deklarowane w deklaracji metody oraz nie muszą być explicite obsłużone przez kod wywołujący daną metodę.\nMateriały pomocnicze: Hierarchia wyjątków w Java\n\rTworzenie nowego typu wyjątku Aby utworzyć nowy typ wyjątku należy utworzyć nową klasę, rozszerzającą klasę Exception lub dowolną inną klasę w hierarchii wyjątków. W przypadku rozszerzenia klasy RuntimeException otrzymamy wyjątek typu unchecked W przeciwnym wypadku otrzymamy wyjątek typu checked.\n W domyślnym pakiecie utwórz nową klasę LogicException, która rozszerza klasę Exception:  public class LogicException extends Exception { public LogicException(String message) { super(message); } }   Zmień konstruktor klasy Rectangle tak, aby w przypadku błędnych wartości wysokości i szerokości rzucał nowy wyjątek typu LogicException. \u0026gt; **Pytanie: ** Czy kod się kompiluje? Co należy dodać aby uzyskać poprawny kod? Zadeklaruj w konstruktorze klasy Rectangle możliwość rzucenia wyjątku LogicException używając słowa kluczowego throws (patrz poprzedni punkt). Zmodyfikuj klasę App w taki sposób, aby łapała wyjątek LogicException, a w przypadku jego wystąpienia wypisała komunikat (message) na konsolę i kontynuowała działanie.  Materiały pomocniczne Rzucenie wyjątku - instrukcja try if (error.exists) { throw new RuntimeException(\u0026quot;A message that explains a casue of an exception\u0026quot;); }  Obsługa wyjątku - instrukcje try-catch try { // enclose operations that can throw an exception object.methodThatThrowsException(); } catch (Exception e) {// catch appropriate type of exception // do something when an exception occurs System.err.println(\u0026quot;An exception occured: \u0026quot; + e.getMessage()); }  Obsługa wielu wyjątków na raz\ntry { // enclose operations that can throw an exception object.methodThatThrowsException(); } catch (IllegalArgumentException | NumberFormatException e ) {// catch appropriate type of exception // do something when an exception occurs System.err.println(\u0026quot;An exception occured: \u0026quot; + e.getMessage()); }  Hierarchia wyjątków w Java Hierarchia podstawowych wyjątków Java (czerwone - checked, niebieskie - unchecked): \u0026ndash; źródło http://www.programcreek.com/2009/02/diagram-for-hierarchy-of-exception-classes/\n"
},
{
	"uri": "http://www.agh.edu.pl/excercises/kolko-krzyzyk/",
	"title": "Kółko i krzyżyk",
	"tags": [],
	"description": "",
	"content": " Kółko i krzyżyk \u0026hellip; czyli dekompozycja problemu na podproblemy \u0026ldquo;Kółko i krzyżyk – gra strategiczna rozgrywana przez dwóch graczy, najczęściej na kartce papieru w kratkę. Gracze obejmują pola na przemian dążąc do objęcia trzech pól w jednej linii, przy jednoczesnym uniemożliwieniu tego samego przeciwnikowi. Pole może być objęte przez jednego gracza i nie zmienia swego właściciela przez cały przebieg gry. W najbardziej popularnej w Polsce wersji gra odbywa się na polu o wymiarach 3x3.\u0026rdquo;, źródło Wikipedia.\nCelem ćwiczenia jest napisanie klasy TicTacToe, która umożliwi zagranie w grę Kółko i krzyżyk.\n Utwórz metodę printBoard, która na konsole wydrukuje aktulny stan planszy, np:  Utwórz metodę boolean move(int x, int y), która umożliwi postawienie znaku X lub O w odpowiednim miejscu planszy. Metoda powinna zwrócić wartość true jeśli podane pole jest wolne. W przeciwnym wypadku zwraca wartość false. Wartości w polach powinny być ustawiane na przemian, zawsze zaczyna znak X. Utwórz metodę String checkWhoWon(), która sprawdzi czy dla ktoś wygrał. Metoda powinna zwrócić napis (String) z wartością X lub O w zależności od tego, który gracz wygrał. Jeśli gra nie jest zakończona, metoda powinna zwrócić wartość null. Utwórz metodę main, której będzie znajdowała się główna logika gry:  1. utwórz nową planszę (plansza może być inicjalizowana w konstruktorze klasy TicTacToe) 2. aktualny gracz := X 3. zwycięzca := null 4. wykonuj dopóki nie ma zwyciezcy (ie. zwyciezna null): a) wypisz plansze b) zapytaj aktualnego gracza o ruch c) wczytaj i wykonaj ruch (jeśli ruch jest niepoprawny to zapytaj gracza o ponowny ruch) d) zwyciezca := sprawdz czy ktoś wygrał 5. wypisz plansze 6. pogratuluj zwycięzcy 7. zakończ działanie programu  "
},
{
	"uri": "http://www.agh.edu.pl/structure/",
	"title": "Struktura projektu",
	"tags": [],
	"description": "",
	"content": " Organizacja projektów w Java Struktura projektu "
},
{
	"uri": "http://www.agh.edu.pl/excercises/invoice/",
	"title": "Faktury",
	"tags": [],
	"description": "",
	"content": " Przygotowanie do ćwiczenia \rPobierz przykładowy projekt\r\r Otwórz Eclipse IDE i zaimportuj projekt zad2/zad2-invoice Materiały pomocnicze: Obsługa wyjątku\n\r W oknie Package Explorer znajdź klasę ProductTest. Kliknij na nią prawym klawiszem myszy i z menu kontekstowego wybierz opcję Run as -\u0026gt; JUnit Test. Polecenie to uruchamia zestaw testów jednostkowych. Każda metoda w klasie ProductTest (i InvoiceTest), to niezależny test sprawdzający określone przypadki działania danej części aplikacji (w tym przypadku klas Product i Invoice).\n\r  Przykładowa faktura: Struktura klas opisująca uproszczony model faktury: Cel ćwiczenia Implementacja klasy Product i Invoice tak, aby dostarczały pełne funkcjonalności obsługi faktur elektronicznych.\nPrzebieg ćwiczenia: 1. Analiza wybranego testu - zaczynamy od klasy ProductTest i pierwszego testu (metody) 2. Analiza zmian w kodzie klasy (Product lub Invoice), które należy wykonać, aby dany test \u0026ldquo;przechodził\u0026rdquo; (zaświecił się na zielono). 3. Implementacja opracowanych zmian w klasie Product lub Invoice. Nie zmieniamy kodu testów.\n\r4. Uruchamiamy ponownie testy i sprawdzamy czy wybrany test \u0026ldquo;zapalił\u0026rdquo; się na zielono. Sprawdzamy również, czy poprzednie testy nadal przechodzą\n\r5. Jeśli test nadal nie przechodzi, implementujemy wymagane poprawki. 6. Jeśli test przechodzi przechodzimy do punktu 1, wybierając kolejny test.\nZadanie rozszerzone  Dodaj do modelu klasę reprezentującą kontrahenta Counterparty, w której umieścisz informacje o kupującym, np. nazwa firmy lub imię i nazwisko, adres, telefon. Dodaj do faktury numer i datę faktury. Jakie wartości przypiszesz obu polom? Rozszerz testy faktury InvoiceTest, aby sprawdzały poprawność działania nowych atrybutów i powiązań klasy Invoice.  Źródła  Dokumentacja klasy BigDecimal: https://docs.oracle.com/javase/8/docs/api/java/math/BigDecimal.html Zasady wykorzystania klasy BigDecimal do poprawnych obliczeń, w szczególności dotyczących operacji finansowych: http://www.opentaps.org/docs/index.php/How_to_Use_Java_BigDecimal:_A_Tutorial  "
},
{
	"uri": "http://www.agh.edu.pl/exception/",
	"title": "Obsługa błędów",
	"tags": [],
	"description": "",
	"content": " Reagowanie na sytacje wyjątkowe Obsługa błędów "
},
{
	"uri": "http://www.agh.edu.pl/structure/libraries/",
	"title": "Wykorzystanie bibliotek",
	"tags": [],
	"description": "",
	"content": " Celem ćwiczenia jest wykorzystanie zewnętrznej biblioteki Apache POI do odczytu plików MS Excel (XLSX).\nPrzebieg ćwiczenia Przygotowanie  Utwórz projekt excel-reader (podobnie jak w konspekcie Wprowadzenie do Eclipse IDE). Pobierz bibliotekę Apache POI ze strony: https://poi.apache.org/download.html (Binary distribution), plik o nazwie poi-bin-3.17-20170915.zip Rozpakuj zawartość archiwum.  Dodanie biblioteki do projektu  W katalogu domowym projektu excel-reader utwórz katalog lib. Skopiuj bibliotekę Apache POI do katalogu lib. Należy skopiować następujące pliki:\n commons-codec-1.10.jar commons-collections4-4.1.jar curvesapi-1.04.jar poi-3.17.jar poi-ooxml-3.17.jar poi-ooxml-schemas-3.17.jar xmlbeans-2.6.0.jar Aby móc skorzystać z zewnętrznej biblioteki w naszym projekcie, należy dodać wszystkie potrzebne pliki jar do tzw. class-path.\n\rWięcej informacji znajdziesz w materiałach pomocniczych: Class-path.\n\r  Dodaj wszystkie skopiowane biblioteki (pliki jar) do class-path Więcej informacji znajdziesz w materiałach pomocniczych: Konfiguracja class-path w Eclipse IDE.\n\r  Wykorzystanie zewnętrznej biblioteki w projekcie  Utwórz pakiet pl.edu.agh.mwo.java2, a w nim klasę App zawierającą metodę main. Utwórz nowy plik MS Excel wykorzystując bibliotekę Apache POI. Możesz skorzystać z poniższego kodu. Dokumentacja Apache POI (EN): https://poi.apache.org/spreadsheet/quick-guide.html\nWorkbook wb = new XSSFWorkbook(); FileOutputStream fileOut; try { fileOut = new FileOutputStream(\u0026quot;workbook.xlsx\u0026quot;); wb.write(fileOut); fileOut.close(); } catch (IOException e) { e.printStackTrace(); }  \rWykorzystaj polecenie Organize imports (Ctrl+Shift+O), aby automatycznie dodać importy do wykorzystanych klas.\n\r Uruchom program App i sprawdź, czy w katalogu projektu powstał pusty plik workbook.xlsx. Odśwież projekt w Eclipse IDE, aby zobaczyć nowy plik. W nawigatorze zaznacz projektu i naciśnij klawisz F5.\n\r Wykorzystując dokumentącję do biblioteki Apache POI (podaną wyżej), utwórz nowy arkusz o nazwie Pierwszy i zapisz w nim liczby od 1 do 10 w komórkach A1 do A10. Więcej informacji znajdziesz w materiałach pomocniczych: Prosta edycja plików XLSX.\n\r  Materiały pomocnicze Class-path Class-path określa ścieżki z których będą ładowane klasy podczas uruchomienia programu. Wszystkie klasy dostepne w class-path mogą być wykorzystanie w naszym kodzie za pomocą słowa kluczowego import:\nimport pl.edu.agh.mwo.java2.SampleClass;  Domyślnie w programie dostępne są wszystkie klasy zdefiniowane w bieżącym katalogu oraz z standardowej bibliotece Java (omawianej na poprzednich zajęciach).\nZazwyczaj, w projektach dodawane są zewnętrzne biblioteki (moduły) dostarczane w postaci plików JAR (Java ARchive). Pliki te agregują powiązane ze sobą logicznie klasy, które dostarczają spójne funkcjonalności. W celu kompilacji i uruchomienia kodu Java, wykorzystującego kod z zewnętrznych bibliotek, konieczne jest dodanie ich do class-path.\nKonfiguracja class-path w Eclipse IDE  Otwórz okno konfiguracji projektu (Java Build Path). Kliknij prawym klawiszem na projekt i wybierz opcję Build Path -\u0026gt; Configure Build Path  Wybierz zakładkę Add Libraries a następnie przycisk Add JARs...  Przejdź do katalogu lib i zaznacz wszystkie pliki jar. Zatwierdź wybór.\n W nawigatorze projektu powinna pojawić się nowa pozycja Referenced Libraries, która zawiera wszystki biblioteki zewnętrzne, które mogą być wykorzystane w projekcie (tzn. zawierające klasy ładowane do class-path\u0026rsquo;u projektu.)   Prosta edycja plików XLSX Utworzenie nowego aruksza w danym pliku:\nWorkbook wb = new XSSFWorkbook(); Sheet sheet = wb.createSheet(\u0026quot;sheet name\u0026quot;);  Utworzenie nowego wiersza (numeracja wierszy zaczyna się od 0):\nRow row = sheet.createRow(rowNumber);  Utworzenie nowej komórki i ustawienie wartości (numeracja kolumn zaczyna się od 0)\nCell cell = row.createCell(cellColumn) cell.setCellValue(cellValue); // shorter version row.createCell(cellColumn).setCellValue(cellValue);  "
},
{
	"uri": "http://www.agh.edu.pl/excercises/",
	"title": "Ćwiczenia praktyczne",
	"tags": [],
	"description": "",
	"content": " Praktyka czyni mistrza Ćwiczenia praktyczne "
},
{
	"uri": "http://www.agh.edu.pl/structure/ex-sudoku/",
	"title": "Ćwiczenie - plansze sudoku",
	"tags": [],
	"description": "",
	"content": " Wprowadzenie W niniejszym zadaniu będziemy zajmować się analizą planszy Sudoku. Zasady gry można przeczytać np. na stronie http://www.sudoku.name/rules/pl. Jednak do wykonania ćwiczeń potrzebna będzie definicja poprawnej planszy Sudoku.\nDo ćwiczenia przygotowane zostały plansze Sudoku (wypełnione częściowo lub w całości) zapisane w arkuszach pliku MS Excel (odnośnik do przykładowych plików poniżej). Każdy arkusz zawiera dokładnie jedną planszę w polach A1:I9 jak pokazano na rysunku: Celem poniższych ćwiczeń będzie odczyt poszczególnych plansz i sprawdzenie ich poprawności!\n\rPobierz przykładowe dane\r\rĆwiczenia Ćwiczenie 1 Sprawdź czy plansza do gry w Sudoku jest poprawna syntaktycznie, tzn. zawiera same dozwolone znaki (cyfry lub puste pola).\n Stwórz klasę SudokuBoardChecker z konstruktorem:  public SudokuBoardChecker(Workbook workbook) {...}   a w niej metodę:  public boolean verifyBoardStructure(int sheetIndex) {...}  która przyjmuje indeks arkusza (zaczynając od 0) i zwraca true jeśli arkusz zawiera planszę Sudoku zawierającą poprawne wartości (ale niekoniecznie poprawną), w przeciwnym wypadku zwaraca false,\nWięcej informacji znajdziesz w materiałach pomocniczych: Nawigacja po arkuszu i Odczyt wartości z komórek\n\r dodaj klasę App z metodę main, która otwiera pliku sudoku.xlsx i sprawdza po kolei poprawność arkuszy za pomocą metody w klasie SudokuBoardChecker  Więcej informacji znajdziesz w materiałach pomocniczych: Otwarcie pliku MS Excel.\n\rĆwiczenie 2 Dodaj do klasy SudokuBoardChecker kod sprawdzający czy dana plansza (wypełniona częściowo lub w całości) jest poprawną planszą Sudoku (tzn. w żadnym wierszu, kolumnie ani kwadraci 3x3 nie ma dwóch powtarzających się cyrf).\n Do klasy SudokuBoardChecker dodaj metodę:  public boolean verifyBoard(int sheetIndex) {...}  w której należy zaimplementować sprawdzanie danego arkusza. Metoda przyjmuje argument tak jak w poprzednim przypadku, zwaraca true jeśli plansza jest poprawna, false w przeciwnnym wypadku.\nWięcej informacji znajdziesz w materiałach pomocniczych: Operacje na kolekcjach..\n\r dodaj do klasy App wywołanie nowej funkcji dla wszystkich arkuszy w przykładowym plku. Sprawdź jej dzaiłanie.  Materiały pomocnicze: Dokumentacja do biblioteki Apache POI  Quick guide, czyli opis najważniejszych funkcji w bibliotece Apache POI http://poi.apache.org/spreadsheet/quick-guide.html Java Doc: https://poi.apache.org/apidocs/  Otwarcie pliku MS Excel try { // pamietaj o imporcie klas Workbook i WorkbookFactory // plik powinien znajdowac sie w glowynm katalogu projektu Workbook wb = WorkbookFactory.create(new File(\u0026quot;workbook.xlsx\u0026quot;)); // try / catch to konstrukcje obslugi wyjatkow - o tym bedzie na kolejnych zajeciach } catch (EncryptedDocumentException | InvalidFormatException | IOException e) { e.printStackTrace(); }  Nawigacja po arkuszu  Pobranie akrusza o danym indeksie\nSheet sheet = workbook.getSheetAt(sheetIndex);  Należy wykorzystać interfejs Sheet z pakietu org.apache.poi.ss.usermodel.Sheet (Apache POI dostarcza dwa interfejsy o takiej samej nazwie\u0026hellip;)\n\r Pobranie wiersza z danego arkusza\nRow row = sheet.getRow(i); if (row == null) { // cały wiersz jest pusty (nie został stworzony) // w takim przypadku nie można z niego pobrać komórek }  Pobieranie komórki z wiersza\nCell cell = row.getCell(j); if (cell == null) { // komórka nie została stworzona (ma pustą wartość) // w takim przypadku nie można z niej pobrać wartości }   Odczyt wartości z komórek  Pobieranie typu komórki\nCellType cellType = cell.getCellTypeEnum(); switch (cellType) { case BLANK: // pusta wartość case BOOLEAN: // wartość logiczna case STRING: // wartość tekstowa case NUMERIC: // wartość numeryczna (zmienno przecinkowa) case FORMULA: // formuła case ERROR: // błąd }  Pobranie wartości numerycznej\nCellType cellType = cell.getCellTypeEnum(); if (cellType.equals(CellType.NUMERIC)) { double value = cell.getNumericCellValue(); }  Sprawdzenie czy komórka jest pusta\nif (cell == null \u0026amp;\u0026amp; cell.getCellTypeEnum().equals(CellType.BLANK)) { // wykonaj operacje na pustej komórce }   Operacje na kolekcjach  Utworzenie zbioru na podstawie tablicy\nSet\u0026lt;Double\u0026gt; set = new HashSet\u0026lt;\u0026gt;( Arrays.asList(new Double[] { -1.0, 0.0, 1.0 }));  Kopiowanie zbiorów\nSet\u0026lt;Double\u0026gt; newSet = new HashSet\u0026lt;\u0026gt;(oldSet);  Usunięcie elementów ze zbioru\nif (set.remove(value)) { // przed usunięciem zbiór zawierał element value } else { // zbiór nie posiadał elementu value }   "
},
{
	"uri": "http://www.agh.edu.pl/",
	"title": "Start",
	"tags": [],
	"description": "",
	"content": " Programowanie w jezyku Java 2 "
},
{
	"uri": "http://www.agh.edu.pl/categories/",
	"title": "Categories",
	"tags": [],
	"description": "",
	"content": ""
},
{
	"uri": "http://www.agh.edu.pl/tags/",
	"title": "Tags",
	"tags": [],
	"description": "",
	"content": ""
}]