[
{
	"uri": "http://www.agh.edu.pl/eclipse/intro/",
	"title": "1. Wprowadzenie",
	"tags": [],
	"description": "",
	"content": " Celem ćwiczenia jest przedstawienie struktury projektu tworzonego z wykorzystaniem Eclipse IDE oraz prezentacja podstawowych zasad wykorzystania zintegrowanego środowiska programistycznego na przykładzie Eclipse IDE.\nPrzebieg ćwiczenia Tworzenie i uruchomienie nowego projektu  Utwórz w Eclipse IDE nowy projekt Java o nazwie hello-world W jakim katalogu został utworzony nowy projekt?\n\r Przyjrzyj się pozostałym opcjom. Gdzie zostanie zapisany nowy projekt? Zatwierdź utworzenie nowego projektu. W katalogu src utwórz nowy pakiet o nazwie pl.edu.agh.mwo.java2 W nowym pakiecie utwórz nową klasę o nazwie App, która wypisze na ekran Hello world!. W kreatorze możesz zaznaczyć opcję, która spowoduje wygeneowanie metody main.\n\r Uruchom program (klasę App). Sprawdź poprawność działania w widoku konsoli (w środowisku Eclipse IDE). Dlaczego do uruchomienia aplikacji nie było konieczne wywołanie kompilatora (javac)?\n\rGdzie znajduje się skompilowany kod projektu?\n\r  Wiele klas w projekcie W ćwiczeniu zaprezentowane zostaną ułatwienia Eclipse IDE dla projektów zawierających wiele klas lub interfejsów. Do naszej aplikacji dodamy klasę odpowiedzialną za wypisywanie wizytówki (z poprzednich zajęć), która zostanie uruchomiona z klasy App.\n Utwórz nowy pakiet pl.edu.agh.mwo.java2.model. Dodaj do niego klasę BusinessCard reprezentującą wizytówkę. Klasa powinna mieć:\n prywatne atrybuty:  name : String surname : String  publiczne metody ustawiające i pobierające wartości dla wszystkich atrybutów (akcesory), np. getName() oraz setName(String name) publiczny konstruktor przyjmujący i definiujący imię i nazwisko metodę print do wypisania wizytówki. Podczas pisania kodu, Eclipse automatycznie kompiluje kod i pokazuje ew. błędy składniowe. Po najechaniu kursorem na miejsce błędu, środowisko pokazuje szczegóły błędu oraz podpowiedzi dot. metody jego rozwiązania. \r  Po skończeniu pisania kodu klasy BusinessCard wywołaj komendę automatycznego formatowania kodu za pomocą sekwencji klawiszy Ctrl+Shift+F. Czy zmieniła się zawartość pliku?\n\rDobrym nawykiem jest uruchomienia formatowania kodu przed każdym zapisem pliku. Pozwoli to zachować jednolity format kodu w całym projekcie i uniknąć ew. konfliktów przy pracy grupowej.\n\r Przejdź do klasy App i w metodzie main dodaj kod, który utworzy nowy obiekt klasy BusinessCard ze swoim imieniem i nazwiskiem oraz wypisze treść wizytówki na konsolę. Podczas pisania nazwy klasy i metody wykorzystaj mechanizm podpowiadania składni za pomocą klawiszy Ctrl+Space: Uruchomienie podpowiadania składni przy użyciu typów (klas lub interfejsów) powoduje automatyczne dodanie ich do sekcji import.\n\r Uruchom ponownie program i sprawdź czy otrzymałeś poprawny wynik.\n  Materiały pomocnicze Tworzenie nowego projektu  Otwórz Eclipse IDE Z menu głównego wybierz opcję File -\u0026gt; New -\u0026gt; Project (ew. CTRL+N), a następnie z listy wybierz opcję Java/Java Project Wpisz nazwę projektu. Wybierz katalog nadrzędny, w którym będzie przechowywany projekt. Jeśli to konieczne wybierz odpowiednie środowisko uruchomieniowe JRE.  Tworzenie nowej klasy  W nawigatorze projektu wybierz pakiet lub katalog, do którego chcesz dodać nową klasę. Z menu kontekstowego wybierz opcję New-\u0026gt;Class Wpisz nazwę klasy W razie potrzeby wybierz inne opcje:  modyfikatory klasy, typ nadrzędny lub realizowane interfejsy wygenerowanie metody main, etc.   Domyślna struktura projektu w Eclipse IDE  src - katalog z kodem źródłowym projektu (pliki *.java i inne potrzebne zasoby takie jak pliki graficzne lub konfiguracyjne) bin - katalog roboczy, zawiera skompilowany kod (pliki *.class) .project - opis projektu Eclipse IDE .classpath - konfiguracja ścieżek potrzebna do poprawnej kompilacji produktu.  Eclipse umożliwa inną konfigurację katalogów ze źródłami i skompilowanym kodem. W szczególności narzędzia wspomagające budowanie projektów (np. Apache Maven, Gradle) narzucają inną strukturę katalogów.\n\rŹródła  Eclipse IDE, Lars Vogel, http://www.vogella.com/tutorials/Eclipse/article.html Eclipse Shortcuts, Lars Vogel, http://www.vogella.com/tutorials/EclipseShortcuts/article.html  "
},
{
	"uri": "http://www.agh.edu.pl/classpath/classpath/",
	"title": "Domyślny classpath",
	"tags": [],
	"description": "",
	"content": " Classpath Classpath określa ścieżki z których będą ładowane klasy podczas uruchomienia programu.\nDomyślnie w programie dostępne są wszystkie klasy zdefiniowane w bieżącym katalogu oraz z standardowej bibliotece Java (omawianej na poprzednich zajęciach).\nZazwyczaj, w projektach dodawane są zewnętrzne biblioteki (moduły) dostarczane w postaci plików JAR (Java ARchive). Pliki te agregują powiązane ze sobą logicznie klasy, które dostarczają spójne funkcjonalności. W celu kompilacji i uruchomienia kodu Java, wykorzystującego kod z zewnętrznych bibliotek, konieczne jest dodanie ich do class-path.\nĆwiczenie - domyślny classpath  Utwórz katalog src. W katalogu src utwórz nowy plik Logger.java, w którym napisz klasę odpowiedzialną za logowanie wiadomości na konsolę:  public class Logger { public static void info(String message) { System.out.println(message); } }   W tym samym katalogu utwórz nowy plik App.java, w którym znajdzie się kod naszej przykładowej aplikacji, korzystającej z loggera.  public class App { public static void main(String[] args) { Logger.info(\u0026quot;Classpath illustration\u0026quot;); } }   Upewnij się, że zapisałeś oba pliki java.\n Otwórz konsolę, przejdź do katalogu src, a następnie skompiluj oba pliki z wykorzystaniem polecenia\n  javac App.java  Czy kompilacja przebiegła pomyślnie? Dlaczego?\n\rIle powstało skompilowanych plików? (plików class)\n\r Uruchom przykładową aplikację poleceniem  java App   Aby uruchomić aplikację Java z innego katalogu, należy jawnie podać katalog, który będzie określał classpath\n W konsoli przejdź do nadrzędnego katalogu (powyżej src)\n Uruchom ponownie program\njava App  Uruchom ponownie program, z wykorzystaniem opcji -classpath (lub -cp)\njava -classpath src App   "
},
{
	"uri": "http://www.agh.edu.pl/eclipse/navigation/",
	"title": "2. Nawigacja",
	"tags": [],
	"description": "",
	"content": " \u0026hellip; czyli jak szybko odnaleźć i zmienić właściwy kod w dużym projekcie?\nPrzebieg ćwiczenia \rPobierz przykładowy projekt\r\rPrzygotowanie  Zamknij lub usuń projekt hello-world. Dodaj (zaimportuj) istniejący projekt o nazwie sample-app do Eclipse IDE. Więcej informacji znajdziesz w materiałach pomocniczych: Import istniejącego projektu.\n\r  Nawigacja po projekcie  Znajdź klasę TransactionEditDialogController Wykorzystaj opcję Navigate -\u0026gt; Open type\u0026hellip;, Ctrl+Shift+T. Więcej informacji znajdziesz w materiałach pomocniczych: Wyszukiwanie klas i interfejsów.\n\r Znajdź interfejs Command. Jakie klasy implementują ten interfejs? Wykorzystaj opcję Navigate -\u0026gt; Open Type Hierarhcy, F4\n\r W których miejscach w kodzie wywoływana jest metoda execute interfejsu Command? Wykorzystaj opcję Navigate -\u0026gt; Open Call Hierarhcy, Ctrl+Alt+H\n\r  Wspomaganie edycji kodu  Otwórz klasę Category i zmień nazwę pola name na categoryName. Wykorzystaj opcję Refactor -\u0026gt; Rename, Alt+Shift+R\n\r Zmień nazwę klasy RemoveTransactionCommand na DeleteTransactionCommand. Upewnij się, że po zmianie nazwy cały projekt się kompiluje.\n Utwórz nową klasę o nazwie EditTransactionCommand, która implementuje interfejs Command. Podczas tworzenia nowej klasy, w kreatorze w polu Interfaces dodaj interfejs Command.\n\rCo spowoduje wybranie realizowanego interfejsu już podczas tworzenia klasy?\n\r W pakiecie pl.edu.agh.mwo.java2.sampleapp.model utwórz nową klasę User, która będzie miała następujące atrybuty: ```\n name : String lastname : String login : String age : int `` Do wszystkich pól utwórz metody get i set (np.getName(),setName(name)`). Wykorzystaj w tym celu generator metod Source -\u0026gt; Generate Getters and Setters\n\r   Materiały pomocnicze Import istniejącego projektu:  File -\u0026gt; Import..., a następnie opcja General -\u0026gt; Existing Projects into Workspace W polu Select root directory należy wybrać katalog, w którym znajduje się projekt (np. zad2/sample-app)   Wyszukiwanie typów (klas i interfejsów) Wyszukiwanie typów (Open type) -\u0026gt; Ctrl+Shift+T. Wyszukiwanie obsługuje konwencję CamelCase: Inne pomocne skróty klawiszowe  Ctrl+/ - zakomentuj lub odkomentuj bieżącą linię Ctrl+Shift+/ - zakomentuj blok kodu Ctrl+Shift+\\ - odkomentuj blok kodu  "
},
{
	"uri": "http://www.agh.edu.pl/classpath/",
	"title": "Classpath",
	"tags": [],
	"description": "",
	"content": " Classpath, pakiety, moduły Classpath "
},
{
	"uri": "http://www.agh.edu.pl/eclipse/",
	"title": "Eclipse IDE",
	"tags": [],
	"description": "",
	"content": " Zintegrowane środowiska programistyczne Eclipse IDE "
},
{
	"uri": "http://www.agh.edu.pl/classpath/package/",
	"title": "Pakiety",
	"tags": [],
	"description": "",
	"content": " Pakiety Pakiety pozwalają na organizację przestrzeni nazw klas (ang. classes namespace), która pozwala grupować (zarówno fizycznie i logicznie) klasy realizujące podobne lub powiązane funkcjonalności.\nLogiczne grupowanie klas Pakiety deklarujemy za pomocą słowa kluczowego package, które musi znaleźć się jako pierwsza linia pliku *.java.\nPrzykładowa deklaracja pakietu:\npackage pl.edu.agh.mwo.java2; public class App { System.out.println(\u0026quot;Hello packages!\u0026quot;); }  Powyższy kod deklaruje kod w pakiecie pl.edu.agh.mwo.java2, a pełna (kwalifikowana) nazwa klasy to pl.edu.agh.mwo.java2.App.\nW przypadku braku deklaracji pakietu, klasa znajduje się w tak zwanym domyślnym pakiecie (ang. default package). Poza ćwiczeniami, nie zaleca się wykorzystania domyślnych pakietów.\n\rFizyczne grupowanie klas Nazwa pakietu danej klasy musi odpowiadać strukturze katalogów, w którym znajduje się kod źródłowy (i binarny) klasy. W powyższym przypadku, klas App, musi być zdefiniowana w następującym drzewie katalogów:\npl |- edu |- agh |- mwo |- java2 |- App.java  Ćwiczenie  Utwórz klasę App (jak zdefiniowano powyżej) w pakiecie pl.edu.agh.mwo.java2 Otwórz konsolę Przejdź do katalogu pl.edu.agh.mwo.java2 i skompiluj klasę App Z głównego katalogu (tam gdzie znajduje się katalog pl) uruchom polecenie  javac pl/edu/agh/mwo/java2/App.java  Gdzie znajduje się skompilowany plik App.class?\n\r Uruchom przykładową aplikację podając jej pełną (kwalifikowaną nazwę)  java pl.edu.agh.mwo.java2.App   "
},
{
	"uri": "http://www.agh.edu.pl/eclipse/javadocs/",
	"title": "3. Dokumentacja API",
	"tags": [],
	"description": "",
	"content": " Struktura dokumentacji API Java (java-doc)  Uruchom przeglądarkę internetową i wejdź na stronę https://docs.oracle.com/javase/8/docs/api/ W którym pakiecie znajdują się klasy odpowiedzialne obsługę operacji wejścia/wyjścia (np. czytanie plików)? W jakim pakiecie znajduje się klasa StringBuffer? Znajdź metodę, która utworzy liczbę całkowitą (Integer) z tekstu (String).  Korzystanie z dokumentacji java-doc w Eclipse IDE  Otwórz ponownie projekt sample-app w Eclipse IDE Otwórz klasę AccountOverviewController, w której znajdziej pola typu TableColumn. Do czego służy klasa TableColumn?\n\r W której klasie w projekcie jest wykorzystywana klasa javafx.scene.control.Button Wykorzystaj opcję Search -\u0026gt; References(Ctrl+Shift+G)\n\rIle i jakie tryby pracy (ang. modes) posiada ta klasa? (na podstawie JavaDoc)\n\r  Tworzenie własnej dokumentacji  W projekcie sample-app utwórz nowy pakiet pl.edu.agh.mwo.java2.sampleapp.logger Wykorzystaj opcję File -\u0026gt; New -\u0026gt; Package\n\r W nowym pakiecie utwórz klasę Logger: ```java package pl.edu.agh.mwo.java2.sampleapp.logger;  public class Logger { public static void info(String message) { System.out.println(message); } }\n1. Utwórz dokumentację do metody `info`: ```java /** * Type here some description * * @param message * describe here the param */ public static void info(String message) { System.out.println(message); }   Po zapisaniu pliku Logger.java, najedź kursorem na nazwę metody. W nowym oknie pojawi się utworzona dokumentacja metody.  "
},
{
	"uri": "http://www.agh.edu.pl/classpath/import/",
	"title": "Importowanie klas",
	"tags": [],
	"description": "",
	"content": " Importowanie klas Przypomnienie: domyślnie podczas uruchomienia programu Java, wszystkie klasy w bieżącym katalogu są dostępne (znajdują się w classpath). Dotyczy to zarówno klas w bieżącym katalogu (pakiet domyślny), jak również wszystkich podkatalogach, zgodnie z definicją ich pakietu.\n\rDomyślna widoczność klas Domyślna widoczność klas dotyczy klas znajdujących się w tym samym pakiecie.\npl |- edu |- agh |- mwo |- java2 |- App.java |- Logger.java  W tym przypadku klasa App \u0026ldquo;widzi\u0026rdquo; domyślnie klasę Logger (i odwrotnie).\nLogger.java:\npackage pl.edu.agh.mwo.java2; public class Logger { public static void info(String message) { System.out.println(message); } }  App.java:\npackage pl.edu.agh.mwo.java2; public class App { public static void main(String[] args) { Logger.info(\u0026quot;Classpath illustration\u0026quot;); } }  Zwróć uwagę na wykorzystanie klasy Logger w metodzie main - podajemy jedynie nazwę klasy.\nWykorzystanie klas z innych pakietów Wszystkie klasy dostepne w classpath mogą być wykorzystanie w naszym kodzie za pomocą słowa kluczowego import.\nPrzyjrzyj się poniższej strukturze klas:\npl |- edu |- agh |- mwo |- java2 |- App.java |- logger |- Logger.java  W takim przypadku, aby w klasie App skorzystać z usług klasy Logger, należy podać jej pełną (kwalifikowaną) nazwę: pl.edu.agh.mwo.java2.logger.Logger.\nApp.java:\npackage pl.edu.agh.mwo.java2; public class App { public static void main(String[] args) { pl.edu.agh.mwo.java2.logger.Logger.info(\u0026quot;Classpath illustration\u0026quot;); } }  Importowanie klas Każdorazowe posługiwanie się pełnymi nazwami klas z poza bieżącego pakietu jest bardzo niewygodne. Z tego powodu wprowadzono możliwość \u0026ldquo;zaimportowania\u0026rdquo; klasy z innego pakietu, co odbywa się za pomocą słowa import wraz z nazwą importowanej klasy, np.\nimport pl.edu.agh.mwo.java2.SampleClass;  Deklaracje importowanych klas umieszcza się zawsze na początku pliku, zaraz za deklaracją pakietu.\n\rKlasa App z wykorzystaniem deklaracji importu:\npackage pl.edu.agh.mwo.java2; import pl.edu.agh.mwo.java2.logger.Logger; public class App { public static void main(String[] args) { Logger.info(\u0026quot;Classpath illustration\u0026quot;); } }  Wszystkie klasy z pakietu java.lang są importowane w sposób niejawny i mogą być wykorzystywane bez dodatkowych deklaracji importu.\n\rImportowanie wszystkich klas w pakiecie Możliwe jest również zaimportowanie wszystkich klas z danego pakiety, z wykorzystaniem wieloznacznika (ang wildcard character): *\nimport pl.edu.agh.mwo.java2.logger.*;  Ze względu na czytelność kodu, nie zaleca się wykorzystania wieloznacznikowej wersji importu.\n\r"
},
{
	"uri": "http://www.agh.edu.pl/structure/",
	"title": "Struktura projektu",
	"tags": [],
	"description": "",
	"content": " Organizacja projektów w Java Struktura projektu "
},
{
	"uri": "http://www.agh.edu.pl/structure/libraries/",
	"title": "Wykorzystanie bibliotek",
	"tags": [],
	"description": "",
	"content": " Celem ćwiczenia jest wykorzystanie zewnętrznej biblioteki Apache POI do odczytu plików MS Excel (XLSX).\nPrzebieg ćwiczenia Przygotowanie  Utwórz projekt excel-reader (podobnie jak w zadaniu Wprowadzenie do Eclipse IDE). Pobierz bibliotekę Apache POI ze strony: https://poi.apache.org/download.html (Binary distribution), plik o nazwie poi-bin-3.17-20170915.zip Rozpakuj zawartość archiwum.  Dodanie biblioteki do projektu  W katalogu domowym projektu excel-reader utwórz katalog lib. Skopiuj bibliotekę Apache POI do katalogu lib. Należy skopiować następujące pliki:\n commons-codec-1.10.jar commons-collections4-4.1.jar curvesapi-1.04.jar poi-3.17.jar poi-ooxml-3.17.jar poi-ooxml-schemas-3.17.jar xmlbeans-2.6.0.jar Aby móc skorzystać z zewnętrznej biblioteki w naszym projekcie, należy dodać wszystkie potrzebne pliki jar do tzw. class-path.\n\rWięcej informacji znajdziesz w materiałach pomocniczych: Class-path.\n\r  Dodaj wszystkie skopiowane biblioteki (pliki jar) do class-path Więcej informacji znajdziesz w materiałach pomocniczych: Konfiguracja class-path w Eclipse IDE.\n\r  Wykorzystanie zewnętrznej biblioteki w projekcie  Utwórz pakiet pl.edu.agh.mwo.java2, a w nim klasę App zawierającą metodę main. Utwórz nowy plik MS Excel wykorzystując bibliotekę Apache POI. Możesz skorzystać z poniższego kodu. Dokumentacja Apache POI (EN): https://poi.apache.org/spreadsheet/quick-guide.html\nWorkbook wb = new XSSFWorkbook(); FileOutputStream fileOut; try { fileOut = new FileOutputStream(\u0026quot;workbook.xlsx\u0026quot;); wb.write(fileOut); fileOut.close(); } catch (IOException e) { e.printStackTrace(); }  \rWykorzystaj polecenie Organize imports (Ctrl+Shift+O), aby automatycznie dodać importy do wykorzystanych klas.\n\r Uruchom program App i sprawdź, czy w katalogu projektu powstał pusty plik workbook.xlsx. Odśwież projekt w Eclipse IDE, aby zobaczyć nowy plik. W nawigatorze zaznacz projektu i naciśnij klawisz F5.\n\r Wykorzystując dokumentącję do biblioteki Apache POI (podaną wyżej), utwórz nowy arkusz o nazwie Pierwszy i zapisz w nim liczby od 1 do 10 w komórkach A1 do A10. Więcej informacji znajdziesz w materiałach pomocniczych: Prosta edycja plików XLSX.\n\r  Materiały pomocnicze Class-path Class-path określa ścieżki z których będą ładowane klasy podczas uruchomienia programu. Wszystkie klasy dostepne w class-path mogą być wykorzystanie w naszym kodzie za pomocą słowa kluczowego import:\nimport pl.edu.agh.mwo.java2.SampleClass;  Domyślnie w programie dostępne są wszystkie klasy zdefiniowane w bieżącym katalogu oraz z standardowej bibliotece Java (omawianej na poprzednich zajęciach).\nZazwyczaj, w projektach dodawane są zewnętrzne biblioteki (moduły) dostarczane w postaci plików JAR (Java ARchive). Pliki te agregują powiązane ze sobą logicznie klasy, które dostarczają spójne funkcjonalności. W celu kompilacji i uruchomienia kodu Java, wykorzystującego kod z zewnętrznych bibliotek, konieczne jest dodanie ich do class-path.\nKonfiguracja class-path w Eclipse IDE  Otwórz okno konfiguracji projektu (Java Build Path). Kliknij prawym klawiszem na projekt i wybierz opcję Build Path -\u0026gt; Configure Build Path  Wybierz zakładkę Add Libraries a następnie przycisk Add JARs...  Przejdź do katalogu lib i zaznacz wszystkie pliki jar. Zatwierdź wybór.\n W nawigatorze projektu powinna pojawić się nowa pozycja Referenced Libraries, która zawiera wszystki biblioteki zewnętrzne, które mogą być wykorzystane w projekcie (tzn. zawierające klasy ładowane do class-path\u0026rsquo;u projektu.)   Prosta edycja plików XLSX Utworzenie nowego aruksza w danym pliku:\nWorkbook wb = new XSSFWorkbook(); Sheet sheet = wb.createSheet(\u0026quot;sheet name\u0026quot;);  Utworzenie nowego wiersza (numeracja wierszy zaczyna się od 0):\nRow row = sheet.createRow(rowNumber);  Utworzenie nowej komórki i ustawienie wartości (numeracja kolumn zaczyna się od 0)\nCell cell = row.createCell(cellColumn) cell.setCellValue(cellValue); // shorter version row.createCell(cellColumn).setCellValue(cellValue);  "
},
{
	"uri": "http://www.agh.edu.pl/eclipse/debug/",
	"title": "4. Debugowanie*",
	"tags": [],
	"description": "",
	"content": " Wprowadzenie Debugowanie to proces detekcji błędów, prowadzący do zidentyfikowania przypadków oraz miejsc w kodzie źródłowym prowadzącym do błędów. Jest wiele metod wyszukiwania błędów, m.in. uruchamianie testów z różnymi przykładowymi danymi, wypisywanie komunikatów na konsolę, uruchamianie aplikacji z trybie pozwalającym na wykonywanie operacji krok po kroku (linia po linii). W niniejszym ćwiczeniu prześledzimy sobie sposób uruchomienia aplikacji w trybie debug (krok po kroku) w celu zidentyfikowania błędnego wykonania kodu.\nPrzebieg ćwiczenia W aplikacji z poprzedniego ćwiczenia jest błąd przy dodawaniu nowej transakcji. Pomimo wpisania odpowiedniych wartości, dodawana jest \u0026ldquo;pusta\u0026rdquo; transakcja. Celem ćwiczenia będzie wykorzystanie narzędzi debugowania do zidentyfikowania i naprawienia błędu.\nProces debugowania pozwala na uruchomienie programu w interaktwynym trybie (krok-po-kroku) wraz z podglądem zmiennych podczas wykonania oraz kodu źródłowego.\nPrzygotowanie do ćwiczenia  Uruchom program (klasa pl.edu.agh.mwo.java2.sampleapp.Main) i odtwórz błąd (dodaj nową transakcję). Wyłącz program. Zastanów się, jaki w którym miejscu w programie jest błąd.  Debug w poszukiwaniu błędu  Jeśli udało Ci się zindetyfikować odpowiedni punkt, w którym będziemy monitorować przebieg wykonania programu, ustaw punkt przerwania na odpowiedniej linii. Więcej informacji znajdziesz w materiałach pomocniczych: Punkty przerwania.\n\r Uruchom program w trybie Debug: Run -\u0026gt; Debug (Ctrl+F11) i odtwórz błąd. Sprawdź czy program zatrzymał się w punkcie przerwania utworzonym przed chwilą. Przy pierwszym zatrzymaniu Eclipse zapyta czy przełączyć perspektywę na tryb Debug, w którym uaktywnione zostaną narzędzia i widoki związanie z procesem Debugu.\n\rW prawym górnym rogu środowiska Eclipse znajdują się przyciski do przełączania Perspektw. Jeśli chcesz wrócić do \u0026ldquo;standardowej perspektywy\u0026rdquo; kliknij przycisk: \r W widoku Variables podejrzyj aktualne wartości zmiennych dostępne w danym kontekście (w danej linii) Więcej informacji znajdziesz w materiałach pomocniczych: Podgląd wartości zmiennych.\n\r Prześledź wywołanie poszczególnych instrukcji Więcej informacji znajdziesz w materiałach pomocniczych: Uruchamianie kodu w debugu.\n\r Zidnetyfikuj błąd i popraw go, prześledź ponownie działanie programu. W razie wątpliwości skonsultuj swoje rozwiązanie z prowadzącym.\n  Materiały pomocniczne Punkty przerwania Punkt przerwania (ang. breakpoint) to miejsce w kodzie źródłowym (najczęściej linia), w którym debugger zatrzyma wykonanie programu i przedstawi podgląd stanu wykonania programu (np. wartości zmiennych). W tym momencie możliwe jest również zmiana niektórych wartości zmiennych lub zmiana ponowna kompilacja kodu.\nAby zdefiniować nowy punkt przerwania w kodzie źródłowym, kliknij prawym klawiszem myszy na lewym marginesie pliku Java i wybierz opcję Toggle Breakpoint. Możesz również kliknąć dwa razy w to samo miejsce. Podgląd wartości zmiennych W widoku Variables znajduje się wykaz dostępnych zmiennych i stałych wraz z ich aktualnymi wartościami. W przypadku referencji do obiektów (czyli w praktyce najczęściej) widok pozwala na rozwijanie (podgląd) atrybutów danego obiektu, co pozwala na nawigację po całym grafie obiektów (patrz rysunek poniżej).\nUruchamianie kodu w debugu Operacje debugu znajdują się w pasku narzędzi:  Wyłącz / włącz wszystkie punkty przerwania F8 Przywróć wykonanie programu Wstrzymaj przetwarzanie programu Ctrl+F2 Zatrzymaj (wyłącz) przetwarzanie programu Odłącz konsolę debugu od programu (zazwyczaj nieużywany) F5 Step into, przejdź do następnej instrukcji wewnątrz wywoływanej metody, F6 Step over, przejdź do następnej instrukcji w bieżącym kontekście F7 Step return, przejdź do następnej instrukcji na zewnątrz bieżącego kontekstu (metody)  Źródła  Java Debugging with Eclipse, Lars Vogel  "
},
{
	"uri": "http://www.agh.edu.pl/structure/ex-sudoku/",
	"title": "Ćwiczenie - plansze sudoku",
	"tags": [],
	"description": "",
	"content": " Wprowadzenie W niniejszym zadaniu będziemy zajmować się analizą planszy Sudoku. Zasady gry można przeczytać np. na stronie http://www.sudoku.name/rules/pl. Jednak do wykonania ćwiczeń potrzebna będzie definicja poprawnej planszy Sudoku.\nDo ćwiczenia przygotowane zostały plansze Sudoku (wypełnione częściowo lub w całości) zapisane w arkuszach pliku MS Excel (/structure/ex-sudoku/sudoku.xlsx). Każdy arkusz zawiera dokładnie jedną planszę w polach A1:I9 jak pokazano na rysunku: Celem poniższych ćwiczeń będzie odczyt poszczególnych plansz i sprawdzenie ich poprawności!\n\rPobierz przykładowe dane\r\rĆwiczenia Ćwiczenie 1. Sprawdź czy plansza do gry w Sudoku jest poprawna syntaktycznie, tzn. zawiera same dozwolone znaki (cyfry lub puste pola). - Stwórz klasę SudokuBoardChecker z konstruktorem:\npublic SudokuBoardChecker(Workbook workbook) {...}   a w niej metodę:  public boolean verifyBoardStructure(int sheetIndex) {...}  która przyjmuje indeks arkusza (zaczynając od 0) i zwraca true jeśli arkusz zawiera planszę Sudoku zawierającą poprawne wartości (ale niekoniecznie poprawną), w przeciwnym wypadku zwaraca false,\nWięcej informacji znajdziesz w materiałach pomocniczych: Nawigacja po arkuszu i Odczyt wartości z komórek\n\r dodaj klasę App z metodę main, która otwiera pliku sudoku.xlsx i sprawdza po kolei poprawność arkuszy za pomocą metody w klasie SudokuBoardChecker  Więcej informacji znajdziesz w materiałach pomocniczych: Otwarcie pliku MS Excel.\n\rĆwiczenie 2 Dodaj do klasy SudokuBoardChecker kod sprawdzający czy dana plansza (wypełniona częściowo lub w całości) jest poprawną planszą Sudoku (tzn. w żadnym wierszu, kolumnie ani kwadraci 3x3 nie ma dwóch powtarzających się cyrf).\n Do klasy SudokuBoardChecker dodaj metodę:  public boolean verifyBoard(int sheetIndex) {...}  w której należy zaimplementować sprawdzanie danego arkusza. Metoda przyjmuje argument tak jak w poprzednim przypadku, zwaraca true jeśli plansza jest poprawna, false w przeciwnnym wypadku.\nWięcej informacji znajdziesz w materiałach pomocniczych: Operacje na kolekcjach..\n\r dodaj do klasy App wywołanie nowej funkcji dla wszystkich arkuszy w przykładowym plku. Sprawdź jej dzaiłanie.  Materiały pomocnicze: Dokumentacja do biblioteki Apache POI  Quick guide, czyli opis najważniejszych funkcji w bibliotece Apache POI http://poi.apache.org/spreadsheet/quick-guide.html Java Doc: https://poi.apache.org/apidocs/  Otwarcie pliku MS Excel try { // pamietaj o imporcie klas Workbook i WorkbookFactory // plik powinien znajdowac sie w glowynm katalogu projektu Workbook wb = WorkbookFactory.create(new File(\u0026quot;workbook.xlsx\u0026quot;)); // try / catch to konstrukcje obslugi wyjatkow - o tym bedzie na kolejnych zajeciach } catch (EncryptedDocumentException | InvalidFormatException | IOException e) { e.printStackTrace(); }  Nawigacja po arkuszu  Pobranie akrusza o danym indeksie\nSheet sheet = workbook.getSheetAt(sheetIndex);  Należy wykorzystać interfejs Sheet z pakietu org.apache.poi.ss.usermodel.Sheet (Apache POI dostarcza dwa interfejsy o takiej samej nazwie\u0026hellip;)\n\r Pobranie wiersza z danego arkusza\nRow row = sheet.getRow(i); if (row == null) { // cały wiersz jest pusty (nie został stworzony) // w takim przypadku nie można z niego pobrać komórek }  Pobieranie komórki z wiersza\nCell cell = row.getCell(j); if (cell == null) { // komórka nie została stworzona (ma pustą wartość) // w takim przypadku nie można z niej pobrać wartości }   Odczyt wartości z komórek  Pobieranie typu komórki\nCellType cellType = cell.getCellTypeEnum(); switch (cellType) { case BLANK: // pusta wartość case BOOLEAN: // wartość logiczna case STRING: // wartość tekstowa case NUMERIC: // wartość numeryczna (zmienno przecinkowa) case FORMULA: // formuła case ERROR: // błąd }  Pobranie wartości numerycznej\nCellType cellType = cell.getCellTypeEnum(); if (cellType.equals(CellType.NUMERIC)) { double value = cell.getNumericCellValue(); }  Sprawdzenie czy komórka jest pusta\nif (cell == null \u0026amp;\u0026amp; cell.getCellTypeEnum().equals(CellType.BLANK)) { // wykonaj operacje na pustej komórce }   Operacje na kolekcjach  Utworzenie zbioru na podstawie tablicy\nSet\u0026lt;Double\u0026gt; set = new HashSet\u0026lt;\u0026gt;( Arrays.asList(new Double[] { -1.0, 0.0, 1.0 }));  Kopiowanie zbiorów\nSet\u0026lt;Double\u0026gt; newSet = new HashSet\u0026lt;\u0026gt;(oldSet);  Usunięcie elementów ze zbioru\nif (set.remove(value)) { // przed usunięciem zbiór zawierał element value } else { // zbiór nie posiadał elementu value }   "
},
{
	"uri": "http://www.agh.edu.pl/",
	"title": "Start",
	"tags": [],
	"description": "",
	"content": " Programowanie w jezyku Java 2 "
},
{
	"uri": "http://www.agh.edu.pl/categories/",
	"title": "Categories",
	"tags": [],
	"description": "",
	"content": ""
},
{
	"uri": "http://www.agh.edu.pl/tags/",
	"title": "Tags",
	"tags": [],
	"description": "",
	"content": ""
}]