<?xml version="1.0" encoding="utf-8" standalone="yes" ?>
<rss version="2.0" xmlns:atom="http://www.w3.org/2005/Atom">
  <channel>
    <title>Start</title>
    <link>http://www.agh.edu.pl/</link>
    <description>Recent content on Start</description>
    <generator>Hugo -- gohugo.io</generator>
    <language>pl-pl</language>
    <lastBuildDate>Tue, 21 Nov 2017 20:15:55 +0100</lastBuildDate>
    
	<atom:link href="http://www.agh.edu.pl/index.xml" rel="self" type="application/rss+xml" />
    
    
    <item>
      <title>1. Wprowadzenie</title>
      <link>http://www.agh.edu.pl/eclipse/intro/</link>
      <pubDate>Tue, 21 Nov 2017 20:20:27 +0100</pubDate>
      
      <guid>http://www.agh.edu.pl/eclipse/intro/</guid>
      <description>Celem ćwiczenia jest przedstawienie struktury projektu tworzonego z wykorzystaniem Eclipse IDE oraz prezentacja podstawowych zasad wykorzystania zintegrowanego środowiska programistycznego na przykładzie Eclipse IDE.
Przebieg ćwiczenia Tworzenie i uruchomienie nowego projektu  Utwórz w Eclipse IDE nowy projekt Java o nazwie hello-world W jakim katalogu został utworzony nowy projekt?
 Przyjrzyj się pozostałym opcjom. Gdzie zostanie zapisany nowy projekt? Zatwierdź utworzenie nowego projektu. W katalogu src utwórz nowy pakiet o nazwie pl.</description>
    </item>
    
    <item>
      <title>Domyślny classpath</title>
      <link>http://www.agh.edu.pl/classpath/classpath/</link>
      <pubDate>Tue, 21 Nov 2017 20:20:27 +0100</pubDate>
      
      <guid>http://www.agh.edu.pl/classpath/classpath/</guid>
      <description>Classpath Classpath określa ścieżki z których będą ładowane klasy podczas uruchomienia programu.
Domyślnie w programie dostępne są wszystkie klasy zdefiniowane w bieżącym katalogu oraz z standardowej bibliotece Java (omawianej na poprzednich zajęciach).
Zazwyczaj, w projektach dodawane są zewnętrzne biblioteki (moduły) dostarczane w postaci plików JAR (Java ARchive). Pliki te agregują powiązane ze sobą logicznie klasy, które dostarczają spójne funkcjonalności. W celu kompilacji i uruchomienia kodu Java, wykorzystującego kod z zewnętrznych bibliotek, konieczne jest dodanie ich do class-path.</description>
    </item>
    
    <item>
      <title>2. Nawigacja</title>
      <link>http://www.agh.edu.pl/eclipse/navigation/</link>
      <pubDate>Tue, 21 Nov 2017 20:20:27 +0100</pubDate>
      
      <guid>http://www.agh.edu.pl/eclipse/navigation/</guid>
      <description>&amp;hellip; czyli jak szybko odnaleźć i zmienić właściwy kod w dużym projekcie?
Przebieg ćwiczenia Pobierz przykładowy projektPrzygotowanie  Zamknij lub usuń projekt hello-world. Dodaj (zaimportuj) istniejący projekt o nazwie sample-app do Eclipse IDE. Więcej informacji znajdziesz w materiałach pomocniczych: Import istniejącego projektu.
  Nawigacja po projekcie  Znajdź klasę TransactionEditDialogController Wykorzystaj opcję Navigate -&amp;gt; Open type&amp;hellip;, Ctrl+Shift+T. Więcej informacji znajdziesz w materiałach pomocniczych: Wyszukiwanie klas i interfejsów.</description>
    </item>
    
    <item>
      <title>Pakiety</title>
      <link>http://www.agh.edu.pl/classpath/package/</link>
      <pubDate>Tue, 21 Nov 2017 20:20:27 +0100</pubDate>
      
      <guid>http://www.agh.edu.pl/classpath/package/</guid>
      <description>Pakiety Pakiety pozwalają na organizację przestrzeni nazw klas (ang. classes namespace), która pozwala grupować (zarówno fizycznie i logicznie) klasy realizujące podobne lub powiązane funkcjonalności.
Logiczne grupowanie klas Pakiety deklarujemy za pomocą słowa kluczowego package, które musi znaleźć się jako pierwsza linia pliku *.java.
Przykładowa deklaracja pakietu:
package pl.edu.agh.mwo.java2; public class App { System.out.println(&amp;quot;Hello packages!&amp;quot;); }  Powyższy kod deklaruje kod w pakiecie pl.edu.agh.mwo.java2, a pełna (kwalifikowana) nazwa klasy to pl.</description>
    </item>
    
    <item>
      <title>3. Dokumentacja API</title>
      <link>http://www.agh.edu.pl/eclipse/javadocs/</link>
      <pubDate>Tue, 21 Nov 2017 20:20:27 +0100</pubDate>
      
      <guid>http://www.agh.edu.pl/eclipse/javadocs/</guid>
      <description>Struktura dokumentacji API Java (java-doc)  Uruchom przeglądarkę internetową i wejdź na stronę https://docs.oracle.com/javase/8/docs/api/ W którym pakiecie znajdują się klasy odpowiedzialne obsługę operacji wejścia/wyjścia (np. czytanie plików)? W jakim pakiecie znajduje się klasa StringBuffer? Znajdź metodę, która utworzy liczbę całkowitą (Integer) z tekstu (String).  Korzystanie z dokumentacji java-doc w Eclipse IDE  Otwórz ponownie projekt sample-app w Eclipse IDE Otwórz klasę AccountOverviewController, w której znajdziej pola typu TableColumn. Do czego służy klasa TableColumn?</description>
    </item>
    
    <item>
      <title>Importowanie klas</title>
      <link>http://www.agh.edu.pl/classpath/import/</link>
      <pubDate>Tue, 21 Nov 2017 20:20:27 +0100</pubDate>
      
      <guid>http://www.agh.edu.pl/classpath/import/</guid>
      <description>Importowanie klas Przypomnienie: domyślnie podczas uruchomienia programu Java, wszystkie klasy w bieżącym katalogu są dostępne (znajdują się w classpath). Dotyczy to zarówno klas w bieżącym katalogu (pakiet domyślny), jak również wszystkich podkatalogach, zgodnie z definicją ich pakietu.
Domyślna widoczność klas Domyślna widoczność klas dotyczy klas znajdujących się w tym samym pakiecie.
pl |- edu |- agh |- mwo |- java2 |- App.java |- Logger.java  W tym przypadku klasa App &amp;ldquo;widzi&amp;rdquo; domyślnie klasę Logger (i odwrotnie).</description>
    </item>
    
    <item>
      <title>Wykorzystanie bibliotek</title>
      <link>http://www.agh.edu.pl/structure/libraries/</link>
      <pubDate>Tue, 21 Nov 2017 20:20:27 +0100</pubDate>
      
      <guid>http://www.agh.edu.pl/structure/libraries/</guid>
      <description>Celem ćwiczenia jest wykorzystanie zewnętrznej biblioteki Apache POI do odczytu plików MS Excel (XLSX).
Przebieg ćwiczenia Przygotowanie  Utwórz projekt excel-reader (podobnie jak w zadaniu Wprowadzenie do Eclipse IDE). Pobierz bibliotekę Apache POI ze strony: https://poi.apache.org/download.html (Binary distribution), plik o nazwie poi-bin-3.17-20170915.zip Rozpakuj zawartość archiwum.  Dodanie biblioteki do projektu  W katalogu domowym projektu excel-reader utwórz katalog lib. Skopiuj bibliotekę Apache POI do katalogu lib. Należy skopiować następujące pliki:</description>
    </item>
    
    <item>
      <title>4. Debugowanie*</title>
      <link>http://www.agh.edu.pl/eclipse/debug/</link>
      <pubDate>Tue, 21 Nov 2017 20:20:27 +0100</pubDate>
      
      <guid>http://www.agh.edu.pl/eclipse/debug/</guid>
      <description>Wprowadzenie Debugowanie to proces detekcji błędów, prowadzący do zidentyfikowania przypadków oraz miejsc w kodzie źródłowym prowadzącym do błędów. Jest wiele metod wyszukiwania błędów, m.in. uruchamianie testów z różnymi przykładowymi danymi, wypisywanie komunikatów na konsolę, uruchamianie aplikacji z trybie pozwalającym na wykonywanie operacji krok po kroku (linia po linii). W niniejszym ćwiczeniu prześledzimy sobie sposób uruchomienia aplikacji w trybie debug (krok po kroku) w celu zidentyfikowania błędnego wykonania kodu.
Przebieg ćwiczenia W aplikacji z poprzedniego ćwiczenia jest błąd przy dodawaniu nowej transakcji.</description>
    </item>
    
    <item>
      <title>Ćwiczenie - plansze sudoku</title>
      <link>http://www.agh.edu.pl/structure/ex-sudoku/</link>
      <pubDate>Tue, 21 Nov 2017 20:20:27 +0100</pubDate>
      
      <guid>http://www.agh.edu.pl/structure/ex-sudoku/</guid>
      <description>Wprowadzenie W niniejszym zadaniu będziemy zajmować się analizą planszy Sudoku. Zasady gry można przeczytać np. na stronie http://www.sudoku.name/rules/pl. Jednak do wykonania ćwiczeń potrzebna będzie definicja poprawnej planszy Sudoku.
Do ćwiczenia przygotowane zostały plansze Sudoku (wypełnione częściowo lub w całości) zapisane w arkuszach pliku MS Excel (/structure/ex-sudoku/sudoku.xlsx). Każdy arkusz zawiera dokładnie jedną planszę w polach A1:I9 jak pokazano na rysunku: Celem poniższych ćwiczeń będzie odczyt poszczególnych plansz i sprawdzenie ich poprawności!</description>
    </item>
    
  </channel>
</rss>