<diagram program="umletino" version="14.2"><zoom_level>10</zoom_level><element><id>UMLClass</id><coordinates><x>150</x><y>130</y><w>210</w><h>120</h></coordinates><panel_attributes>Invoice
--
--
+addProduct(product)
+addProduct(product, quantity)
+getSubtotal() : BigDecimal
+getTaxValue() : BigDecimal
+getTotal() : BigDecimal</panel_attributes><additional_attributes></additional_attributes></element><element><id>UMLClass</id><coordinates><x>500</x><y>130</y><w>210</w><h>90</h></coordinates><panel_attributes>Product
--
--
+getName() : String
+getPrice() : BigDecimal
+getTaxPercent() : BigDecimal</panel_attributes><additional_attributes></additional_attributes></element><element><id>Relation</id><coordinates><x>350</x><y>170</y><w>170</w><h>30</h></coordinates><panel_attributes>lt=&lt;&lt;&lt;&lt;-</panel_attributes><additional_attributes>10;10;150;10</additional_attributes></element></diagram>